test_case,names,firstName,lastName,userEmail,gender,phone,birth,subjects,hobbies,postalZip,state,city,address
VALUE 1,Madonna Austin,Madonna,Austin,rutrum.eu@icloud.edu,Male,5369538244,30/04/81,"Chemistry, Computer Science, Commerce, Physics, Accounting, Economics, Social Studies, Civics, Maths, Arts, Biology, Hindi, English, History","Sports, Reading, Music",47S 7K7,NCR,Delhi,2425 Luctus Street
VALUE 2,Edan Hewitt,Edan,Hewitt,aenean.egestas.hendrerit@yahoo.net,Male,1348523900,01/05/92,"Maths, Arts, Biology",Sports,463,NCR,Gurgaon,"P.O. Box 404, 9876 Netus Rd."
VALUE 3,Luke Workman,Luke,Workman,congue.a@aol.net,Male,6348151357,02/06/92,"Computer Science, Biology","Sports, Reading, Music",5758,NCR,Noida,"P.O. Box 375, 2745 Purus Rd."
VALUE 4,Molly Lang,Molly,Lang,et.ultrices@outlook.com,Female,3555345689,03/07/92,"Commerce, Physics, History, Hindi, English","Reading, Music",411524,Uttar Pradesh,Agra,3319 Elit. Av.
VALUE 5,Barclay Francis,Barclay,Francis,ullamcorper.nisl@protonmail.com,Female,1852458885,04/08/92,"History, Hindi, English","Sports, Reading",79828,Uttar Pradesh,Lucknow,8027 Pellentesque Rd.
VALUE 6,Macey Cervantes,Macey,Cervantes,scelerisque@yahoo.org,Male,9679432505,05/09/92,"Maths, Arts","Music, Reading",287351,Uttar Pradesh,Merrut,Ap #977-2552 Molestie. Ave
VALUE 7,Lyle Allen,Lyle,Allen,phasellus.dapibus.quam@aol.edu,Other,1705932657,06/10/92,Biology,"Music, Sports",795255,Haryana,Karnal,Ap #249-9321 Ornare. Road
VALUE 8,Amos Tillman,Amos,Tillman,erat.volutpat@yahoo.couk,Male,1767867410,07/11/92,"Commerce, Physics","Sports, Reading, Music",WX0 7BM,Haryana,Panipat,Ap #944-2170 Ridiculus St.
VALUE 9,Mechelle Smith,Mechelle,Smith,sem.elit@protonmail.org,Female,1548445948,08/12/92,"Computer Science, Social Studies",,165764,Rajasthan,Jaipur,"Ap #390-168 Orci, Ave"
VALUE 10,Ina Hogan,Ina,Hogan,erat.nonummy@aol.org,Male,1932200285,09/01/92,"Biology, Arts","Sports, Reading, Music",88872,Rajasthan,Jaiselmer,8726 Convallis Av.
VALUE 11,Winifred Mckay,Winifred,Mckay,in@aol.couk,Male,1296602177,10/02/92,"Maths, Economics",Sports,12737,NCR,Delhi,773-7052 Ante Ave
VALUE 12,Perry Delgado,Perry,Delgado,risus.donec@hotmail.couk,Male,2165947447,11/03/92,"Commerce, Social Studies, Economics","Sports, Reading, Music",73731,NCR,Gurgaon,9407 Tincidunt. St.
VALUE 13,Winifred Joyner,Winifred,Joyner,orci.in@hotmail.couk,Female,1183276935,12/05/92,Hindi,"Reading, Music",69524,NCR,Noida,921-3328 Tempor Av.
VALUE 14,Laith Saunders,Laith,Saunders,nunc.sed.libero@google.edu,Female,5129514361,13/05/92,English,"Sports, Reading",724104,Uttar Pradesh,Agra,407-5997 In St.
VALUE 15,Gannon Newton,Gannon,Newton,aenean.egestas.hendrerit@hotmail.net,Male,1541144221,14/05/92,History,"Music, Reading",20200,Uttar Pradesh,Lucknow,522 Sociis Road
VALUE 16,Christine Sykes,Christine,Sykes,vivamus.euismod@hotmail.ca,Other,1031187735,15/05/92,Arts,"Music, Sports",4426,Uttar Pradesh,Merrut,"Ap #154-7225 Lorem, St."
VALUE 17,Burton Best,Burton,Best,pede.nec@yahoo.org,Male,6196138148,16/05/92,Maths,"Sports, Reading, Music",75-845,Haryana,Karnal,822 Aptent Avenue
VALUE 18,Felix Meyer,Felix,Meyer,est.arcu@yahoo.net,Female,2972600822,17/05/92,Civics,,3657 HQ,Haryana,Panipat,"436-549 Lacus, Avenue"
VALUE 19,Cheryl Snider,Cheryl,Snider,penatibus.et@aol.couk,Male,1764361548,18/05/92,Social Studies,"Sports, Reading, Music",5594,Rajasthan,Jaipur,5039 Tellus Ave
VALUE 20,Bradley Atkins,Bradley,Atkins,tortor@outlook.ca,Male,1392411206,19/05/92,Economics,Sports,37514,Rajasthan,Jaiselmer,"658-386 Eget, Rd."
VALUE 21,Kylee Valenzuela,Kylee,Valenzuela,mi@protonmail.couk,Male,1633388911,20/05/92,Accounting,"Sports, Reading, Music",5406 QB,NCR,Delhi,Ap #314-2767 Torquent Street
VALUE 22,Walker Bender,Walker,Bender,euismod.urna.nullam@yahoo.ca,Female,1367176474,21/05/92,"Accounting, Economics","Reading, Music",97730-19927,NCR,Gurgaon,"P.O. Box 553, 6228 Nulla Street"
VALUE 23,Idola Duke,Idola,Duke,faucibus.id@icloud.couk,Female,1116967233,22/05/92,Physics,"Sports, Reading",11913,NCR,Noida,Ap #174-4093 Magna. Avenue
VALUE 24,Tad Armstrong,Tad,Armstrong,sagittis.semper@outlook.org,Male,9573563788,23/05/92,"Physics, Maths","Music, Reading",6662,Uttar Pradesh,Agra,904-6971 Aliquet Rd.
VALUE 25,Hyacinth Hobbs,Hyacinth,Hobbs,iaculis@aol.net,Other,1317822112,24/05/92,Commerce,"Music, Sports",52619,Uttar Pradesh,Lucknow,"889 Nec, Road"
VALUE 26,Brittany Sanders,Brittany,Sanders,quisque.nonummy.ipsum@protonmail.com,Male,1267631697,25/05/92,Computer Science,"Sports, Reading, Music",1695,Uttar Pradesh,Merrut,111-6603 Urna Street
VALUE 27,Acton Savage,Acton,Savage,lectus.ante@google.net,Female,3035288943,26/05/92,Chemistry,,57721,Haryana,Karnal,"P.O. Box 448, 414 Tempus St."
VALUE 28,Cora Lang,Cora,Lang,velit@aol.org,Male,5004078424,27/05/92,"Chemistry, Computer Science","Sports, Reading, Music",7480-7643,Haryana,Panipat,Ap #948-9264 Laoreet Street
VALUE 29,Lars Ferrell,Lars,Ferrell,tempor.erat.neque@icloud.edu,Male,4325343774,28/12/92,"Commerce, Physics",Sports,50515,Rajasthan,Jaipur,815-6084 Eu Road
VALUE 30,Inez Sullivan,Inez,Sullivan,imperdiet.ullamcorper.duis@hotmail.couk,Male,1641974248,29/05/92,"Accounting, Economics","Sports, Reading, Music",L87 9MT,Rajasthan,Jaiselmer,755-4813 Vivamus St.
VALUE 31,Wade Nunez,Wade,Nunez,malesuada.integer@aol.couk,Female,1410250048,30/05/92,"Social Studies, Civics","Reading, Music",16418-53247,NCR,Delhi,Ap #323-3030 Egestas Ave
VALUE 32,Lee Roberson,Lee,Roberson,duis.dignissim@protonmail.com,Female,1650571676,31/01/99,"Maths, Arts","Sports, Reading",23-249,NCR,Gurgaon,"P.O. Box 563, 8132 Adipiscing Avenue"
VALUE 33,Lacy York,Lacy,York,ornare.sagittis@icloud.com,Male,4128443838,01/06/92,"Biology, Hindi","Music, Reading",38453,NCR,Noida,1791 Aliquet. St.
VALUE 34,Quamar Head,Quamar,Head,elit@yahoo.com,Other,1752831271,02/06/92,"English, History","Music, Sports",46615,Uttar Pradesh,Agra,8512 Diam. Road
VALUE 35,Sheila Douglas,Sheila,Douglas,ac.metus.vitae@icloud.ca,Male,1378584645,03/06/45,,"Sports, Reading, Music",227286,Uttar Pradesh,Lucknow,"3141 Fringilla, Ave"
VALUE 36,Hilel Lucas,Hilel,Lucas,faucibus.lectus@outlook.edu,Female,1233801851,04/06/92,"Chemistry, Computer Science, Commerce, Physics, Accounting, Economics, Social Studies, Civics, Maths, Arts, Biology, Hindi, English, History",,30102,Uttar Pradesh,Merrut,"844-798 Vulputate, St."
VALUE 37,Katell Mccall,Katell,Mccall,donec.tincidunt.donec@google.net,Male,8742136177,05/06/92,"Maths, Arts, Biology","Sports, Reading, Music",161008,Haryana,Karnal,7772 Dapibus St.
VALUE 38,Hashim Juarez,Hashim,Juarez,nam.porttitor@hotmail.com,Male,7819325275,06/06/92,"Computer Science, Biology",Sports,6443,Haryana,Panipat,181-4773 Donec Rd.
VALUE 39,Ginger Sharpe,Ginger,Sharpe,in.faucibus@aol.ca,Male,1445817342,07/06/92,"Commerce, Physics, History, Hindi, English","Sports, Reading, Music",543585,Rajasthan,Jaipur,Ap #484-7411 Erat Av.
VALUE 40,Garrett Watkins,Garrett,Watkins,sed.auctor.odio@outlook.couk,Female,3579878229,08/06/92,"History, Hindi, English","Reading, Music",584171,Rajasthan,Jaiselmer,Ap #407-9876 Quisque St.
VALUE 41,Aline Duke,Aline,Duke,dolor@protonmail.ca,Female,7049137603,09/06/92,"Maths, Arts","Sports, Reading",41602,NCR,Delhi,Ap #173-6168 Ut Avenue
VALUE 42,Ronan Tucker,Ronan,Tucker,dolor@yahoo.net,Male,6631168567,10/06/92,Biology,"Music, Reading",72-34,NCR,Gurgaon,Ap #977-8782 Nam Road
VALUE 43,Dustin Morton,Dustin,Morton,eleifend.egestas.sed@icloud.org,Other,1465432738,11/06/92,"Commerce, Physics","Music, Sports",1182,NCR,Noida,"Ap #755-8265 Dui, St."
VALUE 44,Nomlanga Rollins,Nomlanga,Rollins,neque.non.quam@outlook.edu,Male,9626716719,12/06/92,"Computer Science, Social Studies","Sports, Reading, Music",52-668,Uttar Pradesh,Agra,862-7379 Ut St.
VALUE 45,Haviva Valenzuela,Haviva,Valenzuela,sit.amet@hotmail.ca,Female,3615914748,13/06/92,"Biology, Arts",,785214,Uttar Pradesh,Lucknow,Ap #827-1374 Nec Av.
VALUE 46,Travis Ball,Travis,Ball,aenean.euismod@protonmail.ca,Female,1465857052,14/06/92,"Maths, Economics","Sports, Reading, Music",50703,Uttar Pradesh,Merrut,201-2638 Faucibus Rd.
VALUE 47,Christine Greer,Christine,Greer,ut.cursus@icloud.com,Male,1734324974,15/02/47,"Commerce, Social Studies, Economics",Sports,412711,Haryana,Karnal,"P.O. Box 572, 9604 Morbi Street"
VALUE 48,Felix Kemp,Felix,Kemp,justo.sit@outlook.edu,Other,7251716460,16/06/92,Hindi,"Sports, Reading, Music",9832-2431,Haryana,Panipat,175-755 Imperdiet Street
VALUE 49,Haviva Hurst,Haviva,Hurst,laoreet.libero.et@icloud.com,Male,1512512642,17/03/92,English,"Reading, Music",708316,Rajasthan,Jaipur,"709-139 At, Ave"
VALUE 50,Francis Ware,Francis,Ware,mauris.non@icloud.couk,Female,9573516737,18/06/92,History,"Sports, Reading",22476,Rajasthan,Jaiselmer,219-4294 Est St.
VALUE 51,Ian Gay,Ian,Gay,fusce.fermentum@yahoo.couk,Male,5972218439,19/06/92,Arts,"Music, Reading",4730,NCR,Delhi,4140 Cursus St.
VALUE 52,Willow Williams,Willow,Williams,orci@google.net,Male,1513521882,20/06/92,Maths,"Music, Sports",242105,NCR,Gurgaon,Ap #366-8533 Maecenas St.
VALUE 53,Phelan Gomez,Phelan,Gomez,luctus@aol.com,Male,2105432993,21/06/92,Civics,"Sports, Reading, Music",442722,NCR,Noida,"P.O. Box 221, 8527 Vivamus St."
VALUE 54,Gage Buckley,Gage,Buckley,nunc.commodo@outlook.net,Female,1711812858,22/06/92,Social Studies,,7967,Uttar Pradesh,Agra,Ap #238-8676 Massa. Road
VALUE 55,Hope Terry,Hope,Terry,neque.sed@icloud.com,Female,1490803127,23/06/92,Economics,"Sports, Reading, Music",8231,Uttar Pradesh,Lucknow,"680-462 Sem, Street"
VALUE 56,Justin Carrillo,Justin,Carrillo,sed@icloud.edu,Female,6637796031,24/06/90,Accounting,Sports,44704,Uttar Pradesh,Merrut,Ap #765-415 Nec Ave
VALUE 57,Kibo Salazar,Kibo,Salazar,velit.justo.nec@yahoo.com,Male,2742143741,25/06/92,"Accounting, Economics","Sports, Reading, Music",2316 FN,Haryana,Karnal,Ap #473-2714 Ut St.
VALUE 58,Lucian Byers,Lucian,Byers,at.fringilla@google.edu,Other,1738162423,26/06/92,Physics,"Reading, Music",3124,Haryana,Panipat,Ap #229-3662 Interdum Street
VALUE 59,Stone Mcdowell,Stone,Mcdowell,nunc@yahoo.net,Male,8537393356,27/06/92,"Physics, Maths","Sports, Reading",1040,Rajasthan,Jaipur,"480-5040 Id, Road"
VALUE 60,Yoshi Case,Yoshi,Case,morbi.quis.urna@google.edu,Female,1619910398,28/06/92,Commerce,"Music, Reading",109388,Rajasthan,Jaiselmer,4093 Ridiculus Road
VALUE 61,Ahmed Dyer,Ahmed,Dyer,vehicula@hotmail.ca,Male,1339367040,29/06/92,Computer Science,"Music, Sports",7566,NCR,Delhi,Ap #345-9615 Dui. St.
VALUE 62,Ahmed Walton,Ahmed,Walton,nullam.vitae.diam@yahoo.net,Male,9216342476,30/06/92,Chemistry,"Sports, Reading, Music",2392,NCR,Gurgaon,502-3421 Amet St.
VALUE 63,Todd Small,Todd,Small,malesuada.malesuada@outlook.ca,Male,1601288995,01/05/92,"Chemistry, Computer Science",,462568,NCR,Noida,"P.O. Box 934, 4003 Congue Road"
VALUE 64,Graiden Snow,Graiden,Snow,gravida@google.org,Female,1538148114,02/04/92,"Commerce, Physics",,87173,Uttar Pradesh,Agra,Ap #793-3928 Amet St.
VALUE 65,Oscar Woods,Oscar,Woods,enim.nisl.elementum@protonmail.edu,Female,1415129170,03/06/92,"Accounting, Economics","Sports, Reading, Music",306522,Uttar Pradesh,Lucknow,8470 Enim Street
VALUE 66,Ross Cook,Ross,Cook,fringilla.est@aol.couk,Female,3123772334,04/07/92,"Social Studies, Civics",Sports,5350,Uttar Pradesh,Merrut,"P.O. Box 178, 355 Mollis Avenue"
VALUE 67,Rogan O'donnell,Rogan,O'donnell,at@protonmail.com,Male,5658968872,05/07/92,"Maths, Arts","Sports, Reading, Music",7467,Haryana,Karnal,198-6646 Et Rd.
VALUE 68,Cecilia Cohen,Cecilia,Cohen,ornare.tortor@aol.couk,Other,9973049261,06/07/92,"Biology, Hindi","Reading, Music",21432,Haryana,Panipat,660-7755 Tellus St.
VALUE 69,Quyn Gallegos,Quyn,Gallegos,non.arcu@hotmail.ca,Male,1546512736,07/07/92,"English, History","Sports, Reading",652725,Rajasthan,Jaipur,Ap #401-6387 Eleifend Av.
VALUE 70,Wynne Mays,Wynne,Mays,suspendisse.non@aol.couk,Female,1946128746,08/07/92,,"Music, Reading",417676,Rajasthan,Jaiselmer,"Ap #131-3439 Id, St."
VALUE 71,Chadwick Trujillo,Chadwick,Trujillo,sollicitudin.adipiscing@yahoo.edu,Male,2085367967,09/07/92,"Chemistry, Computer Science, Commerce, Physics, Accounting, Economics, Social Studies, Civics, Maths, Arts, Biology, Hindi, English, History","Music, Sports",746189,NCR,Delhi,Ap #477-8620 Lacus. St.
VALUE 72,Kirk Rosario,Kirk,Rosario,pede.blandit@protonmail.ca,Male,1483235433,10/07/92,"Maths, Arts, Biology","Sports, Reading, Music",3897,NCR,Gurgaon,Ap #608-3205 Parturient Rd.
VALUE 73,Denton Giles,Denton,Giles,ultrices.duis@aol.org,Male,1236932082,11/07/63,"Computer Science, Biology",,733875,NCR,Noida,306-524 Urna Av.
VALUE 74,Bruce Woods,Bruce,Woods,ultrices.a@icloud.edu,Female,1906450754,12/07/72,"Commerce, Physics, History, Hindi, English","Sports, Reading, Music",86757,Uttar Pradesh,Agra,7512 Pede Rd.
VALUE 75,Ivana Meyers,Ivana,Meyers,malesuada.fames@hotmail.com,Female,1707924454,13/07/92,"History, Hindi, English",Sports,B71 6CW,Uttar Pradesh,Lucknow,644-8003 Tincidunt Street
VALUE 76,McKenzie Buck,McKenzie,Buck,feugiat.non.lobortis@outlook.com,Female,4509857236,14/08/99,"Maths, Arts","Sports, Reading, Music",2472-2355,Uttar Pradesh,Merrut,"P.O. Box 487, 7142 Fusce Rd."
VALUE 77,Ali Delaney,Ali,Delaney,ornare@aol.net,Male,1536808108,15/07/92,Biology,"Reading, Music",2726,Haryana,Karnal,820-4102 Iaculis Street
VALUE 78,Brent Johnson,Brent,Johnson,eu.euismod@outlook.org,Other,1361285177,16/07/96,"Commerce, Physics","Sports, Reading",215703,Haryana,Panipat,Ap #522-928 Nunc Rd.
VALUE 79,Blake Malone,Blake,Malone,sagittis.semper.nam@protonmail.edu,Male,1249707332,17/07/92,"Computer Science, Social Studies","Music, Reading",87111-865,Rajasthan,Jaipur,"P.O. Box 285, 2674 Magna. Avenue"
VALUE 80,Holmes Mayer,Holmes,Mayer,elit@hotmail.couk,Female,4628373122,18/07/92,"Biology, Arts","Music, Sports",28992,Rajasthan,Jaiselmer,Ap #934-6538 Non Rd.
VALUE 81,Otto Sloan,Otto,Sloan,eu.eros@yahoo.net,Male,1578730376,19/07/92,"Maths, Economics","Sports, Reading, Music",3158,NCR,Delhi,Ap #394-3855 Sollicitudin St.
VALUE 82,Curran Buck,Curran,Buck,sapien.cras.dolor@icloud.ca,Male,8528102728,20/07/91,"Commerce, Social Studies, Economics",,XP4A 8JM,NCR,Gurgaon,"Ap #479-766 Aliquam, Rd."
VALUE 83,Ulric Clayton,Ulric,Clayton,metus@aol.ca,Male,1347348331,21/07/92,Hindi,,3216,NCR,Noida,Ap #737-7339 Cubilia Street
VALUE 84,Clinton Lowe,Clinton,Lowe,sit.amet.ultricies@outlook.ca,Female,1872521584,22/09/92,English,"Sports, Reading, Music",2770,Uttar Pradesh,Agra,417-6588 Leo Rd.
VALUE 85,Talon Lee,Talon,Lee,metus.facilisis@icloud.ca,Female,1543422092,23/07/92,History,Sports,346881,Uttar Pradesh,Lucknow,702-1983 Mus. Street
VALUE 86,Mufutau Kirkland,Mufutau,Kirkland,cursus.purus@aol.com,Female,1524401682,24/07/92,Arts,"Sports, Reading, Music",9568,Uttar Pradesh,Merrut,"P.O. Box 353, 2852 Pede. St."
VALUE 87,Veda Rowland,Veda,Rowland,erat.eget.ipsum@yahoo.couk,Male,6816461275,25/10/92,Maths,"Reading, Music",3224 JY,Haryana,Karnal,Ap #239-709 Malesuada St.
VALUE 88,Damon Weeks,Damon,Weeks,facilisis.magna.tellus@icloud.org,Other,4736315415,26/07/92,Civics,"Sports, Reading",343585,Haryana,Panipat,875-4775 Rhoncus. Rd.
VALUE 89,Kirby Giles,Kirby,Giles,dui@outlook.ca,Male,3449448126,27/07/98,Social Studies,"Music, Reading",134534,Rajasthan,Jaipur,Ap #946-8427 Posuere Av.
VALUE 90,Idola Page,Idola,Page,dui@outlook.org,Female,1252242914,28/07/92,Economics,"Music, Sports",36545,Rajasthan,Jaiselmer,241-6516 Tempor Road
VALUE 91,Yolanda Knox,Yolanda,Knox,odio@icloud.edu,Male,6263144125,29/07/92,Accounting,"Sports, Reading, Music",17752,NCR,Delhi,710-3510 Interdum. Avenue
VALUE 92,Amber Leach,Amber,Leach,ipsum@yahoo.couk,Male,1648521353,30/07/92,"Accounting, Economics",,21502,NCR,Gurgaon,"P.O. Box 315, 5212 Amet, Rd."
VALUE 93,Emerald Wells,Emerald,Wells,et.risus@yahoo.org,Male,1374443288,31/07/92,Physics,"Sports, Reading, Music",623338,NCR,Noida,9344 Aliquet Av.
VALUE 94,Myra Jensen,Myra,Jensen,orci.tincidunt@hotmail.org,Female,1317379048,01/08/92,"Physics, Maths",Sports,3802,Uttar Pradesh,Agra,Ap #916-4282 Ultrices Ave
VALUE 95,Uriah Acosta,Uriah,Acosta,augue.malesuada@protonmail.org,Female,6875751368,02/08/92,Commerce,"Sports, Reading, Music",2703,Uttar Pradesh,Lucknow,1574 Curabitur Ave
VALUE 96,Yvette Galloway,Yvette,Galloway,magna.sed@yahoo.org,Female,1595160431,03/08/92,Computer Science,"Reading, Music",41411,Uttar Pradesh,Merrut,"P.O. Box 730, 775 Eu Av."
VALUE 97,Brenna Espinoza,Brenna,Espinoza,quis.arcu@aol.edu,Male,9469078630,04/08/92,Chemistry,"Sports, Reading",1857 ID,Haryana,Karnal,179-358 Eget Ave
VALUE 98,Ora Howard,Ora,Howard,laoreet.lectus@outlook.couk,Other,1489733448,05/08/84,"Chemistry, Computer Science","Music, Reading",68418,Haryana,Panipat,"P.O. Box 577, 4264 Ac Street"
VALUE 99,Bevis Crane,Bevis,Crane,ante.iaculis@outlook.edu,Male,2548300695,06/08/92,"Commerce, Physics","Music, Sports",38-326,Rajasthan,Jaipur,880-8338 Adipiscing Av.
VALUE 100,Vincent Rivers,Vincent,Rivers,sed.pede.cum@yahoo.org,Female,1815762967,07/08/92,"Accounting, Economics","Sports, Reading, Music",207408,Rajasthan,Jaiselmer,Ap #231-5139 Cursus. St.
VALUE 101,Zoey Brooks,Zoey,Brooks,zoe101@icarly.gov,Male,1234567890,04/04/91,"English, History",Music,207408,NCR,Noida,"1379 Pacific Coast Boulevard, Malibu, CA "
